{"cameraMode":{"drawMode":0,"name":"Shaded","section":"Shading Mode"},"sceneLighting":false,"audioPlay":false,"sceneViewState":{"showFog":true,"showMaterialUpdate":false,"showSkybox":false,"showFlares":true,"showImageEffects":true,"showParticleSystems":true},"in2DMode":false,"pivot":{"x":4.744999885559082,"y":1.7100000381469727,"z":-0.6899999976158142},"rotation":{"x":0.006043449509888887,"y":0.9925733804702759,"z":-0.10822968184947968,"w":0.055445972830057147},"size":1.8043715953826905,"orthographic":false}