{"cameraMode":{"drawMode":0,"name":"Shaded","section":"Shading Mode"},"sceneLighting":true,"audioPlay":false,"sceneViewState":{"showFog":true,"showMaterialUpdate":false,"showSkybox":true,"showFlares":true,"showImageEffects":true,"showParticleSystems":true},"in2DMode":false,"pivot":{"x":-0.2322235107421875,"y":5.554988384246826,"z":-3.3328847885131838},"rotation":{"x":-0.19597022235393525,"y":-0.10070803761482239,"z":0.02023736760020256,"w":-0.9752145409584045},"size":15.884835243225098,"orthographic":false}